プライムハート,〒440-0075,愛知県豊橋市花田町西宿無番地カルミア豊橋4階,TEL:0532-52-0963
アピタ向山店,〒440-0864,愛知県豊橋市向山町字 中畑1番地1,TEL:0532-56-6400
ハートアップアピタ向山,〒440-0864,愛知県豊橋市向山町中畑1番地1アピタ向山2階,TEL:0532-26-3361
HIROCON豊橋店,〒440-0881,愛知県豊橋市広小路1-6精文館ビル3階,TEL:0532-56-0963
MEGAドン・キホーテ 豊橋店,〒441-8061,愛知県豊橋市藤沢町141,TEL:0532-38-9211
イオン豊橋南店,〒441-8124,愛知県豊橋市野依町1-12,TEL:0532-29-3111
イオン豊川店,〒442-0048,愛知県 豊川市開運通2-31,TEL:0533-89-6131
HIROCON DGC店,〒442-0823,愛知県豊川市正岡町胡麻田731-1,TEL:0533-95-1688
MEGAドン・キホーテUNY 国府店,〒442-0854,愛知県豊川市国府町桜田103番地,TEL:0533-88-6111
イオンスタイル新豊川店,〒442-8550,愛知県 豊川市白鳥町兎足1-16,TEL:0533-80-2577
ドン・キホーテ アピタ木曽川店,〒443-0001,愛知県一宮市木曽川町黒田八ノ通51番地4,TEL:0586-52-4811
MEGAドン・キホーテ クラスポ蒲郡店,〒443-0037,愛知県蒲郡市鹿島町浅井新田１−２６,TEL:0570‐079‐611
MEGAドン・キホーテUNY 吉良店,〒444-0516,愛知県西尾市吉良町吉田天笠桂１６−３,TEL:0570-550-490
MEGAドン・キホーテ 岡崎店,〒444-0840,愛知県岡崎市戸崎町字原山4-8,TEL:0564-72-3411
イオン岡崎南店,〒444-0840,愛知県 岡崎市戸崎町字ばら山1-1,TEL:0564-57-2211
MEGAドン・キホーテUNY矢作店,〒444-0902,愛知県岡崎市舳越町字神道35番地,TEL:0570-015-020
アピタ岡崎北店,〒444-0911,愛知県岡崎市日名北町4番地46,TEL:0564-26-6311
アピタ安城南店,〒444-1154,愛知県安城市桜井町貝戸尻60番地,TEL:0566-99-6911
アピタ西尾店,〒445-0064,愛知県西尾市高畠町3丁目23-9,TEL:0563-57-3211
MEGAドン・キホーテ 新安城店,〒446-0007,愛知県安城市東栄町3丁目1-12,TEL:0566-96-5611
ドン・キホーテ刈谷店,〒448-0807,愛知県刈谷市東刈谷町二丁目４番の３,TEL:0566-24-5711
キラキラドンキ 近鉄パッセ店,〒450-0002,愛知県名古屋市中村区名駅１丁目２−２ 近鉄パッセ 5階,TEL:0570‐200‐721
フラワーコンタクト 名駅,〒450-0002,愛知県名古屋市中村区名駅4丁目7番25号先名古屋地下街店舗内(サンロード),TEL:052-586-8615
アインズ＆トルペ大名古屋ビルヂング店,〒450-6490,愛知県名古屋市中村区名駅3丁目28-12大名古屋ビルヂングB1F,TEL:052-433-7857
ハートアップビジョンスクエア大名古屋ビルヂング,〒450-6490,愛知県名古屋市中村区名駅3丁目28番12号大名古屋ビルヂング9階,TEL:052-589-1201
イオンスタイル名古屋則武店,〒451-0051,愛知県名古屋市西区則武新町三3-1-17,TEL:052-587-2520
SSS COSMETICS Noritake Garden店,〒451-8501,愛知県名古屋市西区則武新町3-1-17イオンモールNoritakeGarden2F,TEL:052-526-7233
イオンスタイルワンダーシティ,〒452-0817,愛知県名古屋市西区二方町40,TEL:052-506-5600
ドン・キホーテパウ中川山王店,〒454-0011,愛知県名古屋市中川区山王4-5-5,TEL:052-324-4411
MEGAドン・キホーテUNY 東海通店,〒455-0018,愛知県名古屋市港区港明一丁目10番28号,TEL:052-655-1511
イオンスタイル名古屋茶屋,〒455-0858,愛知県名古屋市港区西茶屋2-11,TEL:052-309-6910
アピタ港店,〒455-8610,愛知県名古屋市港区当知2丁目1501番地,TEL:052-384-1111
CHUOCONTACT ミュープラット金山店,〒456-0002,愛知県名古屋市熱田区金山町1-1-18ミュープラット金山 東棟2F,TEL:052-678-8801
イオン熱田店,〒456-8763,愛知県名古屋市熱田区六野1-2-11,TEL:052-884-0300
MEGAドン・キホーテUNYアラタマ店,〒457-0007,愛知県名古屋市南区駈上1-1-31,TEL:0570-096-511
イオン新瑞橋店,〒457-0012,愛知県名古屋市南区菊住1-7-10,TEL:052-857-3100
中央コンタクト イオンモール新瑞橋,〒457-0012,愛知県名古屋市南区菊住1-7-10イオンモール新瑞橋3階,TEL:052-829-3283
MEGAドン・キホーテ 名四丹後通り店,〒457-0801,愛知県名古屋市南区丹後通5丁目25-1,TEL:052-619-4011
ドン・キホーテ緑店,〒458-0025,愛知県名古屋市緑区鳥澄1丁目401番地,TEL:052-877-2111
アピタ鳴海店,〒458-0844,愛知県名古屋市緑区鳴海町伝治山3-9,TEL:052-892-2411
ハートアップヒルズウォーク徳重,〒458-8570,愛知県名古屋市緑区元徳重1丁目505番地ヒルズウォーク徳重ガーデンズ2階,TEL:052-879-3065
イオンモール大高店,〒459-8016,愛知県名古屋市緑区南大高二丁目450番地,TEL:052-626-2811
ハートアップイオンモール大高,〒459-8016,愛知県名古屋市緑区南大高2丁目450番地イオンモール大高1階,TEL:052-626-1718
アインズ＆トルペ栄セントラルパーク店,〒460-0003,愛知県名古屋市中区錦3丁目15-13セントラルパークB1F,TEL:052-961-1151
ドン・キホーテ栄本店,〒460-0003,愛知県名古屋市中区錦三丁目17番15号,TEL:052-957-6311
中央コンタクト 名古屋パルコ,〒460-0008,愛知県名古屋市中区栄3-29-1名古屋パルコ西館B1階,TEL:052-264-8077
ドン・キホーテ栄三丁目店,〒460-0008,愛知県名古屋市中区栄3-27-13,TEL:052-269-2711
MEGAドン・キホーテUNY 納屋橋店,〒460-0008,愛知県名古屋市中区栄1-2-49,TEL:0570-094-611
ROQUE 名古屋店,〒460-0008,愛知県名古屋市中区栄3-4-5メルサ栄本店4階,TEL:052-238-0069
ローズマリー名古屋,〒460-0008,愛知県名古屋市中区栄3-29-1名古屋パルコ西館B1階,TEL:052-264-8013
ドン・キホーテ大須店,〒460-0011,愛知県名古屋市中区大須3-30-60,TEL:052-263-7811
HOT MART,〒460-0011,愛知県名古屋市中区大須3-14-43第2アメ横ビル2F,TEL:052-242-5777
BASE金山店,〒460-0022,愛知県名古屋市中区金山１丁目１７−１８,TEL:052-321-0208
イオンナゴヤドーム前店,〒461-0048,愛知県名古屋市東区矢田南,TEL:052-725-6700
MEGAドン・キホーテ 名古屋本店,〒462-0018,愛知県名古屋市北区玄馬町234-1,TEL:052-909-6511
ドン・キホーテアピタ新守山店,〒463-0070,愛知県名古屋市守山区新守山2830番地,TEL:0570-015-144
アピタパワー新守山店,〒463-0070,愛知県名古屋市守山区新守山２８３０,TEL:0570‐009‐397
イオン守山店,〒463-0812,愛知県名古屋市守山区笹ヶ根3-1228,TEL:052-739-0111
MEGAドン・キホーテ 千種香流店,〒464-0003,愛知県名古屋市千種区新西１丁目２−３,TEL:0570‐069‐711
ドン・キホーテ今池店,〒464-0850,愛知県名古屋市千種区今池5-10-1,TEL:052-745-3421
イオン八事店,〒466-0834,愛知県名古屋市昭和区広路町,TEL:052-836-7000
ハートアッププライムツリー赤池,〒470-0126,愛知県日進市赤池町箕ノ手1番プライムツリー赤池1階,TEL:052-847-2777
MEGAドン・キホーテUNY 香久山店,〒470-0134,愛知県日進市香久山５丁目１８０１,TEL:0570‐046‐911
イオン三好店,〒470-0224,愛知県 みよし市三好町青木91,TEL:0561-33-3000
ドン・キホーテ豊田店,〒470-0335,愛知県豊田市青木町４丁目５７,TEL:0570‐037‐811
MEGAドン・キホーテUNY 豊明店,〒470-1124,愛知県豊明市三崎町井ノ花5番地の1,TEL:0562-92-6441
イオンモール東浦店,〒470-2102,愛知県知多郡東浦町大字緒川字旭13-2,TEL:0562-82-2700
メアシスイオンモール東浦店,〒470-2102,愛知県知多郡東浦町緒川旭13-2イオンモール東浦本館1F,TEL:0562-85-2020
アピタ阿久比店,〒470-2214,愛知県知多郡阿久比町大字大字椋岡字 徳吉1番地12,TEL:0569-48-7911
MEGAドン・キホーテUNY 武豊店,〒470-2349,愛知県知多郡武豊町字西田崎19番地の1,TEL:0569-72-5611
MEGAドン・キホーテUNY 豊田元町店,〒471-0842,愛知県豊田市土橋町二丁目65番地,TEL:0565-27-4011
イオンスタイル豊田,〒471-0864,愛知県豊田市広路町1-1,TEL:0565-37-9200
ハートアップイオンスタイル豊田,〒471-0864,愛知県豊田市広路町1丁目1番地イオンスタイル豊田2階,TEL:0565-47-0023
MEGAドン・キホーテ 豊田本店,〒471-0864,愛知県豊田市広路町3-18,TEL:0565-36-4711
アピタ大府店,〒474-0056,愛知県大府市明成町4丁目133番地,TEL:0562-44-7011
ドン・キホーテ半田店,〒475-0838,愛知県半田市旭町3-36-1,TEL:0569-23-9411
MEGAドン・キホーテ 東海名和店,〒476-0002,愛知県東海市名和町日向根100,TEL:052-689-3111
MEGAドン・キホーテUNY 太田川店,〒477-0031,愛知県東海市大田町下浜田102番1,TEL:0570‐086‐711
イオンスタイル常滑,〒479-0882,愛知県常滑市りんくう町2丁目20番3,TEL:0569-35-9500
中央コンタクト イオンモール常滑,〒479-0882,愛知県常滑市りんくう町2丁目20番3イオンモール常滑2階,TEL:0569-36-2766
イオンモール扶桑店,〒480-0105,愛知県丹羽郡扶桑町大字南山名字高塚5-1,TEL:0587-91-3100
MEGAドン・キホーテUNY 大口店,〒480-0145,愛知県丹羽郡大口町丸二丁目36番地,TEL:0587-96-2111
イオンスタイル長久手,〒480-1100,愛知県長久手市長久手中央土地区画整理事業地内5-10-11街区,TEL:0561-61-5501
ドン・キホーテ アピタ長久手店,〒480-1124,愛知県長久手市戸田谷901番地1,TEL:0561-56-6311
アピタ長久手店,〒480-1124,愛知県 長久手市戸田谷901-1,TEL:0561-63-6777
ドン・キホーテ楽市街道名古屋店,〒481-0045,愛知県北名古屋市中之郷神明45-1,TEL:0568-26-4801
MEGAドン・キホーテUNY 江南店,〒483-8321,愛知県江南市村久野町瀬頭163番地,TEL:0587-57-5331
アピタ江南西店,〒483-8342,愛知県江南市松竹町上野205,TEL:0587-54-6411
MEGAドン・キホーテUNY 小牧店,〒485-0046,愛知県小牧市堀の内三丁目15番地,TEL:0568-41-7811
ハートアップイーアス春日井,〒486-0842,愛知県春日井市六軒屋町東丘22イーアス春日井1階,TEL:0568-37-3315
MEGAドン・キホーテ 春日井店,〒486-0857,愛知県春日井市浅山町2-4-6,TEL:0568-86-3911
MEGAドン・キホーテUNY 気噴店,〒487-0014,愛知県春日井市気噴町二丁目11番地1,TEL:0568-53-2711
ドン・キホーテUNY 十四山店,〒490-1406,愛知県弥富市鍋平２丁目４７,TEL:0570‐000‐650
アピタ一宮店,〒491-0011,愛知県一宮市両郷町1-2,TEL:0586-71-1211
中央コンタクト テラスウォーク一宮,〒491-0022,愛知県一宮市両郷町1丁目2番地テラスウォーク一宮2階,TEL:0586-26-2225
MEGAドン・キホーテUNY 伝法寺店,〒491-0828,愛知県一宮市伝法寺九丁目３番地２０,TEL:0586-81-9011
ドン・キホーテ一宮店,〒491-0907,愛知県一宮市西出町３１,TEL:0586-43-8411
MEGAドン・キホーテUNY 一宮大和店,〒491-0932,愛知県一宮市大和町毛受字一本松19番地,TEL:0586-43-7111
アピタ稲沢店,〒492-8275,愛知県稲沢市天池五反田町1番地,TEL:0587-24-9211
MEGAドン・キホーテUNY 稲沢東店,〒492-8651,愛知県稲沢市下津穂所一丁目1番地1,TEL:0587-23-6611
イオン木曽川店,〒493-0001,愛知県一宮市木曽川町黒田字南八ッヶ池25-1,TEL:0586-84-4333
MEGAドン・キホーテUNY 勝幡店,〒496-8001,愛知県愛西市勝幡町弁才天2283番地60,TEL:0567-24-7251
