ドン・キホーテ千葉中央店,〒260-0007,千葉県千葉市中央区祐光3-10-6,TEL:043-202-4351
アクセサリーセイコC-ONE店,〒260-0015,千葉県千葉市中央区富士見2-25-1,TEL:043-227-2848
ドン・キホーテ 千葉ポートタウン店,〒260-0025,千葉県千葉市中央区問屋町１−５０ 千葉ポートスクエア 千葉ポートタウン1・2階,TEL:0570‐028‐757
アインズ＆トルペペリエ千葉店,〒260-0031,千葉県千葉市中央区新千葉1-1-1ペリエ千葉５F,TEL:043-445-7137
イオンスタイル検見川浜,〒261-0011,千葉県千葉市美浜区真砂4-2-6,TEL:043-270-5605
アインズ＆トルペペリエ海浜幕張店,〒261-0021,千葉県千葉市美浜区ひび野2丁目110改札内ペリエ海浜幕張,TEL:043-239-7806
イオン幕張店,〒261-0021,千葉県千葉市美浜区ひび野1-3,TEL:043-350-5511
イオンモール幕張新都心,〒261-8535,千葉県千葉市美浜区豊砂1-1,TEL:043-351-8100
ドン・キホーテ幕張店,〒262-0032,千葉県千葉市花見川区幕張町1-7782-1,TEL:043-271-9911
ドン・キホーテ稲毛長沼店,〒263-0005,千葉県千葉市稲毛区長沼町330-50,TEL:043-215-2011
イオン稲毛店,〒263-0043,千葉県千葉市稲毛区小仲台１−４−２０,TEL:043-251-3211
中央コンタクト ゆみ～る鎌取,〒266-0031,千葉県千葉市緑区オユミ野3丁目16番地ユミ~ル鎌取ショッピングセンター3階,TEL:043-300-3561
ドン・キホーテ千葉ニュータウン店,〒270-1350,千葉県印西市中央北2-2 千葉ＮＴイオンモール南棟 1F,TEL:0476-47-7511
MEGAドン・キホーテ 本八幡店,〒272-0023,千葉県市川市南八幡4-9-1,TEL:047-378-3810
イオン市川妙典店,〒272-0111,千葉県市川市妙典５−３−１,TEL:047-397-9831
イオン南行徳店,〒272-0138,千葉県市川市南行徳2-20-25,TEL:047-306-1147
ピカソ 南行徳駅前店,〒272-0143,千葉県市川市相之川４丁目６‐１０,TEL:047-306-8311
ドン・キホーテ行徳駅前店,〒272‐0133,千葉県市川市行徳駅前２丁目３−１,TEL:0570‐028‐011
ドン・キホーテ船橋南口店,〒273-0005,千葉県船橋市本町1-7-6,TEL:047-495-9211
ドン・キホーテ原木西船橋店,〒273-0033,千葉県船橋市本郷町474-1,TEL:047-302-8311
イオン船橋店,〒273-0045,千葉県船橋市山手1-1-8,TEL:047-420-7200
中央コンタクト アクロスモール新鎌ヶ谷,〒273-0107,千葉県鎌ケ谷市新鎌ヶ谷2丁目12-1アクロスモール新鎌ヶ谷1階,TEL:047-441-0055
MEGAドン・キホーテ 習志野店,〒274-0071,千葉県船橋市習志野4-5-5,TEL:047-403-7511
MEGAドン・キホーテ 八千代16号バイパス店,〒276-0028,千葉県八千代市村上1245,TEL:047-483-1511
イオン八千代緑が丘店,〒276-0049,千葉県 八千代市緑が丘2-1-3,TEL:047-458-5211
アインズ＆トルペ柏モディ店,〒277-0005,千葉県柏市柏1丁目2-26柏モディ1F,TEL:04-7179-5438
ドン・キホーテ柏駅前店,〒277-0005,千葉県柏市柏1-3-1,TEL:04-7162-7811
MEGAドン・キホーテ 柏店,〒277-0081,千葉県柏市富里3-3-2,TEL:047-141-1611
セキ薬局 柏たなか店,〒277-0803,千葉県柏市小青田1-6-12,TEL:04-7197-6460
コスメドンキ・お菓子ドンキ・驚辛ドンキ,〒277-0837,千葉県柏市大山台２丁目3番地1 2F,TEL:0570‐066‐061
ドン・キホーテセブンパークアリオ柏店,〒277-0922,千葉県柏市大島田1-6-1,TEL:04-7191-7230
ハートアップセブンパークアリオ柏,〒277-0922,千葉県柏市大島田1丁目6番地1セブンパークアリオ柏1階,TEL:04-7136-7416
イオン新浦安店,〒279-0012,千葉県浦安市入船1-4-1,TEL:047-350-1147
MEGAドン・キホーテ 四街道店,〒284-0043,千葉県四街道市めいわ2-1-1,TEL:043-433-3810
イオンモール成田店,〒286-0029,千葉県成田市ウイング土屋24,TEL:0476-23-8282
MEGAドン・キホーテ 成田店,〒286-0029,千葉県成田市ウイング土屋82番,TEL:0476-20-3711
MEGAドン・キホーテ 成東店,〒289-1326,千葉県山武市成東1808-1,TEL:0475-82-8100
ドン・キホーテ旭店,〒289-2505,千葉県旭市鎌数4339‐1,TEL:0479-60-0511
コスメドンキ ユニモちはら台店,〒290-0143,千葉県市原市ちはら台西三丁目4番,TEL:0436-76-7062
中央コンタクト ユニモちはら台,〒290-0194,千葉県市原市チハラ台西3-4ユニモちはら台2階,TEL:0436-75-2531
ドン・キホーテ浜野店,〒290-0825,千葉県千葉市中央区村田町893,TEL:043-305-3031
ドン・キホーテ木更津店,〒292-0807,千葉県木更津市請西南2-21-2,TEL:043-830-6811
イオンスタイル木更津,〒292-0835,千葉県木更津市築地1-4,TEL:0438-38-8600
イオンドラッグふっつ店,〒293-0012,千葉県富津市青木1-5-1,TEL:0439-80-1800
イオンドラッグ富津店,〒293-0012,千葉県 富津市青木1-5-1,TEL:0439-80-1800
ドン・キホーテ茂原店,〒297-0026,千葉県茂原市茂原１５７５−２,TEL:0570‐058‐701
MEGAドン・キホーテUNY 市原店,〒299-0101,千葉県市原市青柳北１丁目１番地,TEL:0436-20-0511
ドン・キホーテ君津店,〒299-1144,千葉県君津市東坂田1-7-1,TEL:0439-50-0911
