中央コンタクト サニーサイドモール小倉,〒800-0221,福岡県北九州市小倉南区下曽根新町10-1サニーサイドモール小倉2階,TEL:093-474-8031
HAPPY ドンキ サニーサイドモール小倉店,〒800-0221,福岡県北九州市小倉南区下曽根新町 10-1 サニーサイドモール小倉 1 階,TEL:0570-077-662
あいすくりーむ小倉店,〒802-0002,福岡県北九州市小倉北区京町3-1-1セントシティ4階,TEL:080-9145-3111
中央コンタクト 小倉駅前,〒802-0006,福岡県北九州市小倉北区魚町1-2-17米原ビル1階,TEL:093-512-6111
ドン・キホーテ小倉魚町店,〒802-0006,福岡県北九州市小倉北区魚町3丁目3-10,TEL:093-512-1411
ドン・キホーテ小倉店,〒802-0018,福岡県北九州市小倉北区中津口2-2-16,TEL:093-512-7411
中央コンタクト イオンタウン黒崎,〒806-0036,福岡県北九州市八幡西区西曲里町3-1イオンタウン黒崎2階,TEL:093-644-4400
ドン・キホーテ黒崎店,〒806-0042,福岡県北九州市八幡西区桜ケ丘町1-3,TEL:093-644-0311
ドン・キホーテ鞍手店,〒807-1312,福岡県鞍手郡鞍手町中山2341-1,TEL:0949-43-2811
アインズ＆トルペ福岡天神西通り店,〒810-0001,福岡県福岡市中央区天神2丁目5-21 1F～2F,TEL:092ｰ791-6764
ライフストリーム店,〒810-0001,福岡県福岡市中央区天神2丁目11-3 ソラリアステージビル中2階,TEL:092-733-7231
ドン・キホーテ福岡天神本店,〒810-0021,福岡県福岡市中央区今泉 1丁目 20-17,TEL:092-737-6011
ドン・キホーテ中州店,〒810-0801 ,福岡県福岡市博多区中洲３丁目７−２４,TEL:0570-047-311
アインズ＆トルペ福岡三越ラシック店,〒810-8544,福岡県福岡市中央区天神2-1-1福岡三越B1Fラシック福岡天神,TEL:092-791-2081
ホテルラバーズ福岡パルコ店,〒810‐0001,福岡県福岡市中央区天神2‐11‐1福岡パルコ本館4F,TEL:092‐235‐7214
大賀薬局新宮三代店,〒811-0111,福岡県 糟屋郡新宮町三代999-1,TEL:092-941-2110
大賀薬局 新宮店,〒811-0214,福岡県 福岡市東区和白東5-11-22,TEL:092-692-5553
MEGAドン・キホーテ 那珂川店,〒811-1201,福岡県那珂川市片縄4丁目31番,TEL:092-953-7911
ドン・キホーテ宗像店,〒811-3424,福岡県宗像市原町272番1,TEL:0940-37-7311
アインズ＆トルペ博多マルイ店,〒812-0012,福岡県福岡市博多区博多駅中央街9-1博多マルイ2F,TEL:092-260-8427
キラキラドンキ博多丸井,〒812-0012,福岡県福岡市博多区博多駅中央街９−１ 博多マルイ 3F,TEL:0570-000-676
OZ Lens キャナルシティ店,〒812-0018,福岡県福岡市博多区住吉1丁目2-22キャナルシティOPA2階,TEL:092-402-0735
ドン・キホーテ楽市街道箱崎店,〒812-0053,福岡県福岡市東区箱崎5-1-8,TEL:092-643-5511
ACT-1 ユメタウン博多店,〒812-0055,福岡県福岡市東区東浜1-1-1ユメタウン博多2階,TEL:092-632-1717
ドン・キホーテ博多駅南店,〒812-0896,福岡県福岡市博多区東光寺町２丁目６−４０ コマーシャルモール博多店内 2F,TEL:0570-550-319
アインズ＆トルペららぽーと福岡店,〒812-8627,福岡県福岡市博多区那珂６丁目23番1号ららぽーと福岡1階15010,TEL:092-558-3520
ドン・キホーテ西新店,〒814-0002,福岡県福岡市早良区西新3-4-2,TEL:092-846-5511
MEGAドン・キホーテ 筑紫野インター店,〒818-0052,福岡県筑紫野市武蔵3丁目202-1,TEL:092-918-4911
MEGAドン・キホーテ 福重店,〒819-0041,福岡県福岡市西区拾六町1丁目7-1,TEL:092-884-8011
ドン・キホーテ今宿店,〒819-0367,福岡県福岡市西区西都1丁目15番13号,TEL:092-805-6411
中央コンタクト ゆめタウン飯塚店,〒820-0017,福岡県飯塚市菰田西3丁目6番1号ゆめタウン飯塚 2F,TEL:0948-26-2220
MEGAドン・キホーテ 飯塚店,〒820-0084,福岡県飯塚市椿110-1,TEL:0948-21-9711
中央コンタクト イオンモール直方,〒822-0008,福岡県直方市湯野原2丁目1-1イオンモール直方店1階,TEL:0949-26-7150
Hersherイオンモール直方店,〒822-0008,福岡県直方市湯野原2-1-1イオンモール直方2階,TEL:0949-29-2321
ドン・キホーテコスタ行橋店,〒824-0038,福岡県行橋市西泉6丁目3番52号,TEL:0930-26-0811
アタックスマート豊前店,〒828-0028,福岡県豊前市青豊2-2,TEL:0979-53-9838
ドン・キホーテ西鉄久留米店,〒830-0034,福岡県久留米市大手町1丁目1番,TEL:0942-46-3511
ドン・キホーテ八女店,〒834-0004,福岡県八女市納楚６４４−１,TEL:0570-079-411
ACT-1 ユメタウン大牟田店,〒836-0807,福岡県大牟田市旭町2-28-1ユメタウン大牟田2階,TEL:0944-32-8447
ドン・キホーテ楽市楽座久留米店,〒839-0809,福岡県久留米市東合川2-2-1,TEL:0942-41-1911
メアシス ゆめタウン久留米,〒839-0865,福岡県久留米市新合川一丁目2-1ゆめタウン久留米本館2階,TEL:0942-65-6007
