ドン・キホーテ高崎店,〒370-0007,群馬県高崎市問屋町西2-4-17,TEL:027-370-6600
カワチ薬品大泉店,〒370-0521,群馬県邑楽郡大泉町住吉57－5,TEL:0276-62-8790
B.Language,〒370-0849,群馬県高崎市八島町46-1高崎オーパ4階,TEL:なし
ドン・キホーテ吉岡店,〒370-3062,群馬県北群馬郡吉岡町大字大久保747,TEL:0279-30-5211
イオン高崎店,〒370-3521,群馬県高崎市棟高町1400番地,TEL:027-310-9500
ベイシア前橋モール店,〒371-0007,群馬県前橋市上泉町680-１,TEL:027-232-2500
アピタ前橋店,〒371-0801,群馬県 前橋市文京町2-1-1,TEL:027-226-8811
ドン・キホーテ伊勢崎店,〒372-0045,群馬県伊勢崎市上泉町73-3,TEL:0270-30-3111
ベイシアSM伊勢崎町店,〒372-0055,群馬県伊勢崎市 都市計画事業伊勢崎駅周辺第一土地区画整理事業2-1街区2-10,TEL:0270-25-3111
ベイシア西部モール店,〒372-0801,群馬県伊勢崎市宮子町3423-15,TEL:0270-261110
イオン太田店,〒373-0808,群馬県太田市石原町81,TEL:0276-47-8800
ドン・キホーテ太田店,〒373-0813,群馬県太田市内ケ島町１０７１,TEL:0570-200-877
ドン・キホーテUNY 藤岡店,〒375-0024,群馬県藤岡市藤岡416番地4,TEL:0274-23-6161
MEGAドン・キホーテ 桐生店,〒376-0044,群馬県桐生市永楽町5-10,TEL:0277-47-3810
ドン・キホーテガーデン前橋店,〒379-2121,群馬県前橋市小屋原町472-1 「ガーデン前橋」2階,TEL:027-280-8841
MEGAドン・キホーテUNY 伊勢崎東店,〒379-2235,群馬県伊勢崎市三室町5330番地,TEL:0270-20-8111
