LOOK さんすて福山店,〒720-0066,広島県福山市三之丸町30−1 さんすて福山店1階,TEL:084-927-2173
ドン・キホーテ福山店,〒721-0961,広島県福山市明神町1丁目9番28号,TEL:084-932-6011
MEGAドン・キホーテ 松永店,〒729-0114,広島県福山市柳津町1-5-7,TEL:084-930-6211
メアシス金座街,〒730-0033,広島県広島市中区堀川町6-15スポーツセンタービル1階,TEL:082-543-5901
ドン・キホーテ広島八丁堀店,〒730-0034,広島県広島市中区新天地 5-3,TEL:082-543-6711
MeMe PALETTE,〒730-0035,広島県広島市中区本通9-29平田ビル1階,TEL:082-249-3380
ドン・キホーテ広島祗園店,〒731-0113,広島県広島市安佐南区西原9-15-23,TEL:082-850-1411
中央コンタクト ラクア緑井店,〒731-0195,広島県城島氏安佐南区緑井5-22-1プレ葉ウォーク浜北 2F,TEL:082-831-0071
イオン広島祇園店,〒731-0196,広島県広島市安佐南区祇園3-2-1,TEL:082-846-1000
イオン広島段原,〒732-0814,広島県広島市南区段原南1-3-52,TEL:082-535-5703
中央コンタクト LECT,〒733-0831,広島県広島市西区扇2丁目1-45LECT1階,TEL:082-270-4400
イオン宇品店,〒734-0003,広島県広島市南区宇品東6丁目1番15号,TEL:082-250-8100
MEGAドン・キホーテ 宇品店,〒734-0014,広島県広島市南区宇品西5丁目1番1号,TEL:082-250-8871
イオンスタイル広島府中,〒735-8588,広島県安芸郡府中町大須2-1-1,TEL:082-561-0001
ヒコーセンゆめタウン呉店,〒737-0029,広島県呉市宝町5-10ユメタウン呉3階,TEL:0823-23-7840
