アインズ＆トルペ麻生店,〒001-0040,北海道札幌市北区北40条西4丁目2-15札幌東光ストア麻生店1F,TEL:011-717-7189
MEGAドン・キホーテ 新川店,〒001-0922,北海道札幌市北区新川二条7-3-20,TEL:011-769-3811
MEGAドン・キホーテ 篠路店,〒002-8012,北海道札幌市北区太平１２条１丁目１‐１,TEL:011-776-1511
アインズ＆トルペ新さっぽろデュオ店,〒004-0052,北海道札幌市厚別区厚別中央2条5丁目6-2新さっぽろアークシティduo‐1B1F,TEL:011-892-3830
ドン・キホーテ厚別店,〒004-0064,北海道札幌市厚別区厚別西4条6丁目700番126,TEL:0570-030-037
ドン・キホーテ 平岡店,〒004-0874,北海道札幌市清田区平岡４条１丁目１−35,TEL:0570-015-611
ドン・キホーテ手稲店,〒006-0815,北海道札幌市手稲区前田五条11-7-10,TEL:011-688-0811
ドン・キホーテ北42条店,〒007-0842,北海道札幌市東区北42条東7-1-1,TEL:011-750-0011
MEGAドン・キホーテ 函館店,〒041-0806,北海道函館市美原1-7-1,TEL:0138-45-3810
ドン・キホーテ小樽店,〒047-0032,北海道小樽市稲穂2-20-1,TEL:0134-33-3810
ドン・キホーテ函館七重浜店,〒049-0111,北海道北斗市七重浜7-15-13,TEL:0138-48-0311
MEGAドン・キホーテ 室蘭中島店,〒050-0074,北海道室蘭市中島町1-19-11,TEL:0143-45-3810
MEGAドン・キホーテ 苫小牧店,〒053-0033,北海道苫小牧市木場町1-6-1,TEL:0144-36-3810
アインズ＆トルペ札幌国際ビル店,〒060-0004,北海道札幌市中央区北4条西4丁目1番地札幌国際ビルB3F,TEL:011-206-4000
EYE MAGIC,〒060-0004,北海道札幌市中央区北4条西4丁目1番地伊藤加藤ビル2F,TEL:011-206-0370
アインズ＆トルペ札幌ステラプレイス店,〒060-0005,北海道札幌市中央区北5条西2丁目札幌ステラプレイスイースト館1F,TEL:011ｰ209ｰ5555
アインズ＆トルペル・トロワ店,〒060-0042,北海道札幌市中央区大通西1丁目13ル・トロワB1F,TEL:011-200-9360
アインズ＆トルペ大通ビッセ店,〒060-0042,北海道札幌市中央区大通西3丁目7大通ビッセB2F,TEL:011-210-6611
アインズ＆トルペ地下街店,〒060-0042,北海道札幌市中央区大通西3丁目11北洋ビルB2F,TEL:011-252-2201
MEGAドン・キホーテ 札幌狸小路本店,〒060-0063,北海道札幌市中央区南三条西四丁目12番地1,TEL:011-252-1911
アインズ＆トルペ宮の沢駅店,〒063-0051,北海道札幌市西区宮の沢1条1丁目1-30宮の沢ターミナルB1F,TEL:011-663-3345
アインズ＆トルペ琴似店,〒063-0811,北海道札幌市西区琴似1条4丁目3-18紀伊国屋ビル1F,TEL:011-632-9230
アインズ＆トルペ マルヤマクラス店,〒064-0801,北海道札幌市中央区南1条西27丁目183-1 マルヤマクラスB1F,TEL:011-616-6516
アインズ＆トルペ ココノススキノ店,〒064-0804,北海道札幌市中央区南4条西4丁目1番地1,TEL:011-252-7108
ドン・キホーテすすきの店,〒064-0805,北海道札幌市中央区南5条西3丁目11番地,TEL:0570-069-090
アインズ＆トルペアリオ札幌店,〒065-8518,北海道札幌市東区北7条東9丁目2-20アリオ札幌1F,TEL:011-751-1518
MEGAドン・キホーテ 旭川店,〒070-0871,北海道旭川市春光1条8丁目1番65号,TEL:0166-53-3810
イオン旭川西店,〒070-8823,北海道旭川市緑町23丁目2161‐3,TEL:0166-59-7800
MEGAドン・キホーテ 西帯広店,〒080-2471,北海道帯広市西21条南4-1,TEL:0155-41-3810
ドン・キホーテ釧路店,〒088-0614,北海道釧路郡釧路町国誉１丁目３−４,TEL:0570-061-411
