ドン・キホーテ三宮店,〒650-0011,兵庫県神戸市中央区下山手通2-12-3,TEL:078-335-0311
eye shop five 三宮店,〒650-0021,兵庫県神戸市中央区三宮町1丁目8-1さんプラザ1階147-1,TEL:078-322-2155
eye shop five 神戸マルイ店,〒650-0021,兵庫県神戸市中央区三宮町1丁目7-2神戸マルイ4階,TEL:078-891-7144
アインズ＆トルペ神戸元町店,〒650-0021,兵庫県神戸市中央区三宮町2丁目11-3三宮ゼロゲート1F,TEL:078-331-3105
ドン・キホーテ三宮オーパ センター街店,〒650-0021,兵庫県神戸市中央区三宮町1-5-26三宮オーパB1 B1-101区画,TEL:0570-006-065
ROQUE 神戸店,〒650-0021,兵庫県神戸市中央区三宮町1-5-23,TEL:078-391-4655
アインズ＆トルペ デュオこうべ店,〒650-0044,兵庫県神戸市中央区東川崎町1丁目2-3 デュオこうべ B1F,TEL:078-958-6550
MEGAドン・キホーテ 神戸本店,〒651-0072,兵庫県神戸市中央区脇浜町３丁目２−２３,TEL:0570-045-711
キリン堂藤原台店,〒651-1302,兵庫県神戸市北区藤原台中町1-4-1 ステップガーデン藤原台内,TEL:078-984-3560
イオン神戸北店,〒651-1515,兵庫県神戸市北区上津台8丁目1番1号,TEL:078-983-3200
ピーチクラブイオンモール神戸北店,〒651-1515,兵庫県神戸市北区上津台8-1-1イオンモール神戸北3階,TEL:078-983-3301
ドン・キホーテ神戸西店,〒651-2143,兵庫県神戸市西区 丸塚2-9-18,TEL:078-929-8611
アインズ＆トルペエキソアレ西神中央店,〒651-2273,兵庫県神戸市西区糀台5丁目9-4エキソアレ西神中央２F,TEL:078-962-5126
ピーチクラブ新長田店,〒653-0038,兵庫県神戸市長田区若松町5-5-1東急プラザ新長,TEL:078-786-3012
キリン堂須磨大池店,〒654-0026,兵庫県神戸市須磨区大池町5-1-35,TEL:078-739-6800
MEGAドン・キホーテ 神戸学園都市店,〒655-0009,兵庫県神戸市垂水区小束山手2丁目1-1,TEL:078-795-6111
M-ALL＋plus ブルメール舞多聞店,〒655-0052,兵庫県神戸市垂水区舞多聞東2丁目1-45 ブルメール舞多聞1階,TEL:078-742-6666
イオン洲本店,〒656-0021,兵庫県洲本市塩屋1-1-8,TEL:0799-23-2150
キリン堂水道筋店,〒657-0831,兵庫県神戸市灘区水道筋4-1-16 コーニッシュ王子公園1F・2F,TEL:078-871-1060
キリン堂魚崎郷店,〒658-0025,兵庫県神戸市東灘区魚崎南町5-5-46,TEL:078-431-7550
キリン堂六甲アイランド店,〒658-0032,兵庫県神戸市東灘区向洋町中2-9-1 神戸ファッションプラザ3F,TEL:078-845-8170
メガネのアイガン SOCOLA塚口店,〒661-0012,兵庫県尼崎市南塚口町2-1-3 SOCOLA塚口クロス2階,TEL:06-6428-0013
ドン・キホーテ西宮店,〒662-0918,兵庫県西宮市六湛寺町1-13,TEL:0798-38-7366
MOJコンタクト,〒663-8035,兵庫県西宮市北口町１−１アクタ西宮西館2F,TEL:0798-68-4200
ピーチクラブららぽーと甲子園店,〒663-8178,兵庫県西宮市甲子園八番町1-100ララポート甲子園2階,TEL:0798-44-3022
ドラッグミックオアシスタウン伊丹鴻池店,〒664-0006,兵庫県 伊丹市鴻池4-1-10,TEL:072-744-1700
メアシス イオンモール伊丹昆陽,〒664-0027,兵庫県伊丹市池尻4丁目1番地1イオンモール伊丹昆陽2階,TEL:072-773-7008
キリン堂伊丹野間店,〒664-0873,兵庫県伊丹市野間8-5-26,TEL:072-773-5222
ドン・キホーテ伊丹店,〒664-0899,兵庫県伊丹市大鹿7-62-1,TEL:0727-87-6211
キリン堂宝塚山本南店,〒665-0882,兵庫県宝塚市山本南2-13-7,TEL:0797-89-3432
ドン・キホーテ川西店,〒666-0128,兵庫県川西市多田院西２丁目３番１１,TEL:072-790-0811
キリン堂すずかけ台店,〒669-1322,兵庫県三田市すずかけ台3-2 ウッディタウン・クロスモール内,TEL:079-553-8681
ドン・キホーテ三田店,〒669-1514,兵庫県三田市川除55,TEL:079-553-6311
キリン堂三田学園前店,〒669-1535,兵庫県三田市南が丘町2-12-32,TEL:079-553-8845
キリン堂姫路田寺店,〒670-0086,兵庫県姫路市田寺3-14-21,TEL:079-299-1001
ドン・キホーテ姫路RIOS店,〒670-0821,兵庫県姫路市東郷町1454-3,TEL:079-225-5711
ROQUE ピオレ姫路店,〒670-0914,兵庫県姫路市豆腐町222ピオレ姫路21階,TEL:079-223-0069
eye shop five 姫路店,〒670-0927,兵庫県姫路市駅前町266,TEL:079-222-1555
MEGAドン・キホーテ 姫路広畑店,〒671-1122,兵庫県姫路市広畑区夢前町一丁目1-1,TEL:079-230-1511
イオン姫路大津店,〒671-1146,兵庫県姫路市大津区大津町2-5,TEL:079-230-6941
中央コンタクト イオンモール姫路大津,〒671-1146,兵庫県姫路市大津区大津町2-5イオンモール姫路大津1階,TEL:079-230-1310
MEGAドン・キホーテ 姫路白浜店,〒672-8023,兵庫県姫路市白浜町丙571-58,TEL:079-247-2911
キリン堂飾磨恵美酒店,〒672-8057,兵庫県姫路市飾磨区恵美酒99番1,TEL:079-243-2560
キリン堂明石硯町店,〒673-0028,兵庫県明石市硯町2-4-36,TEL:078-926-1051
キリン堂三木志染店,〒673-0541,兵庫県三木市志染町広野1-250-2,TEL:0794-87-6710
中央コンタクト ピオレ明石,〒673-0891,兵庫県明石市大明石町1丁目1番23号ピオレ明石西館1館,TEL:078-915-2722
ドン・キホーテ加古川店,〒675-0012,兵庫県加古川市野口町野口129番62,TEL:0794-56-2111
ピーチクラブ加古川店,〒675-0066,兵庫県加古川市加古川町寺家町173-1ニッケ加古川パークタウン2階,TEL:079-497-5550
キリン堂小野本町店,〒675-1372,兵庫県小野市本町648-1,TEL:0794-62-0047
キリン堂加西中野店,〒675-2102,兵庫県加西市中野町1-2,TEL:0790-49-8010
キリン堂西脇小坂店,〒677-0017,兵庫県西脇市小坂町116番地,TEL:0795-25-0400
キリン堂たつの店,〒679-4167,兵庫県たつの市龍野町富永1005番地の45,TEL:0791-64-6760
