ドン・キホーテパウつちうらきた店,〒300-0064,茨城県土浦市東若松町3993,TEL:029-835-9411
MEGAドン・キホーテUNY 佐原東店,〒300-0726,茨城県稲敷市西代1480番地,TEL:0299-80-5511
イオン土浦店,〒300-0811,茨城県土浦市上高津367番地,TEL:029-835-8000
MEGAドン・キホーテ 龍ケ崎店,〒301-0034,茨城県龍ケ崎市小通幸谷町288,TEL:0570-049-211
イオン下妻店,〒304-0033,茨城県下妻市堀篭972-1,TEL:0296-30-1700
中央コンタクト　イオンモール下妻店,〒304-0033,茨城県下妻市堀篭972-1イオンモール下妻１F,TEL:0296-30-0366
イオンつくば店,〒305-0071,茨城県つくば市稲岡66-1,TEL:029-839-1200
MEGAドン・キホーテ つくば店,〒305-0818,茨城県つくば市学園南三丁目16番地1,TEL:029-863-3111
イオン古河店,〒306-0012,茨城県古河市旭町1-2-17,TEL:0280-31-7131
ドン・キホーテ境大橋店,〒306-0433,茨城県猿島郡境町1327-1,TEL:0280-81-1711
ドン・キホーテ下館店,〒308-0054,茨城県筑西市西谷貝813,TEL:0296-20-1601
MEGAドン・キホーテ 上水戸店,〒310-0041,茨城県水戸市上水戸2-9-10,TEL:029-257-7222
ドン・キホーテ水戸店,〒311-4153,茨城県水戸市河和田町3891-434,TEL:029-240-2011
MEGAドン・キホーテ 勝田店,〒312-0057,茨城県ひたちなか市石川町1-1,TEL:029-273-3810
MEGAドン・キホーテ 神栖店,〒314-0132,茨城県神栖市筒井1470-4,TEL:0299-90-1311
MEGAドン・キホーテ 日立店,〒317-0052,茨城県日立市東滑川町4丁目12番2号,TEL:0294-44-8701
イオンスタイル水戸内原,〒319-0317,茨城県水戸市内原2丁目1番,TEL:029-259-1000
