ドン・キホーテ荒尾店,〒846-0001,熊本県荒尾市原万田846番4号,TEL:0570-023-051
アインズ＆トルペアミュプラザくまもと店,〒860-0047,熊本県熊本市西区春日3丁目15-26アミュプラザくまもと4F,TEL:096-273-6196
スーパー・キッド熊本駅前店,〒860-0047,熊本県熊本市西区春日2-10-24,TEL:096-312-5566
OZ SHOPカリーノ下通店,〒860-0801,熊本県熊本市中央区安政町1-2カリーノ下通2階,TEL:096-312-8121
ドン・キホーテ下通り店,〒860-0801 ,熊本県熊本市中央区安政町５−２７,TEL:0570-091-211
中央コンタクト サクラマチ熊本,〒860-0805,熊本県熊本市中央区桜町3-10SAKURAMACHIKumamoto3階,TEL:096-312-0575
Hersher サクラマチ熊本店,〒860-0805,熊本県熊本市中央区桜町3番10号3F,TEL:096-245-6066
中央コンタクト 熊本本店,〒860-0807,熊本県熊本市中央区下通1-5-13オケマツビル1階,TEL:096-312-2200
中央コンタクト 通町筋,〒860-0808,熊本県熊本市中央区手取本町5-6加藤ビル1階,TEL:096-324-1765
ドン・キホーテ南熊本店,〒860-0812 ,熊本県熊本市中央区南熊本１丁目９−２５,TEL:0570-071-911
スーパー・キッド植木店,〒861-0136,熊本県熊本市北区植木町岩野1113-1,TEL:096-321-6033
スーパー・キッド菊南店,〒861-1102,熊本県合志市須屋1821-11,TEL:096-341-4300
ドン・キホーテ合志店,〒861-1102,熊本県合志市須屋1936-1,TEL:096-341-2411
スーパー・キッド益城店,〒861-2242,熊本県上益城郡益城町木山409-4,TEL:096-286-0027
Hersherイオンモール熊本店,〒861-3106,熊本県上益城郡嘉島町大字上島字長池2232イオンモール熊本2階4015区画,TEL:096-285-6035
スーパー・キッド南高江店,〒861-4106,熊本県熊本市南区南高江2-12-36,TEL:096-357-9600
スーパー・キッド託麻店,〒861-8038,熊本県熊本市東区長嶺東6-30-20,TEL:096-389-9800
スーパー・キッド新外店,〒862-0913,熊本県熊本市東区尾ノ上4-11-12,TEL:096-241-9001
スーパー・キッド小峯店,〒862-0933,熊本県熊本市東区小峯2-6-56,TEL:096-331-1811
スーパー・キッド熊本国府店,〒862-0949,熊本県熊本市中央区国府3-28-31,TEL:096-211-6003
ACT-1 ユメタウンハマセン店,〒862-0965,熊本県熊本市南区田井島1-2-1ユメタウンハマセン3階,TEL:096-370-3636
スーパー・キッド田井島店,〒862-0965,熊本県熊本市南区田井島2丁目3-28,TEL:096-334-1000
スーパー・キッド荒尾店,〒864-0041,熊本県荒尾市荒尾4442-11,TEL:0968-64-8484
BOOKS あんとく あらお店,〒864-0041,熊本県荒尾市荒尾4160-251,TEL:0968-66-2668
スーパー・キッド玉名店,〒865-0065,熊本県玉名市築地(ついじ)349番地,TEL:0968-76-7101
ACT-1 ユメタウン八代店,〒866-0045,熊本県八代市建馬町3-1ユメタウン八代店1階,TEL:0965-39-5520
スーパー・キッド八代高田（こうだ）店,〒866-0072,熊本県八代市高下西町（こうげにしまち）1743,TEL:0965-31-7007
MEGAドン・キホーテ 八代店,〒866-0073,熊本県八代市本野町2050,TEL:0965-39-5111
スーパー・キッド古閑中町店,〒866-0898,熊本県八代市古閑中町1212-1,TEL:0965-30-8555
スーパー・キッド人吉店,〒868-0025,熊本県人吉市瓦屋町1843,TEL:0966-28-3825
MEGAドン・キホーテ 菊陽店,〒869-0011,熊本県菊池郡菊陽町津久礼2655-1,TEL:096-233-4811
スーパー・キッド宇土店,〒869-0421,熊本県宇土市南段原町20-1,TEL:0964-24-1835
ACT-1 ユメタウン光ノ森店,〒869-1108,熊本県菊池郡菊陽町光ノ森7-39-1ユメタウン光ノ森店南館2階,TEL:096-340-2555
スーパー・キッド新地店,〒869-1113,熊本県菊池郡菊陽町花立3-9-1,TEL:096-348-7039
スーパー・キッド大津店,〒869-1235,熊本県菊池郡大津町大字室９６３,TEL:096-292-1035
