中央コンタクト河原町,〒600-8003,京都府 京都市下京区御旅宮本町7番地 常盤ビル1F,TEL:075-229-6877
中央コンタクト 河原町店,〒600-8003,京都府京都市下京区御旅宮本町7番地常盤ビル1F,TEL:075-229-6877
eye shop Five 京都ポルタ店,〒600-8216,京都府京都市下京区烏丸通塩小路下る東塩小路町902 B2F 南エリア,TEL:075-352-5152
ドン・キホーテ京都烏丸七条店,〒600-8217,京都府京都市下京区七条通烏丸西入東境町１８７,TEL:0570-037-121
アインズ＆トルペ大丸京都店,〒600-8511,京都府京都市下京区四条通高倉西入立売西町79番地大丸京都店3F,TEL:075-748-1450
ドン・キホーテ京都アバンティ店,〒601-8003,京都府京都市南区東九条西山王町31,TEL:075-693-4511
ドン・キホーテ 京都南インター店,〒601-8127,京都府京都市南区上鳥羽北花名町１−２,TEL:0570‐017‐311
イオンスタイル京都桂川,〒601-8211,京都府京都市南区久世高田町376番,TEL:075-925-3100
イオン洛南店,〒601-8327,京都府京都市南区吉祥院御池町31,TEL:075-692-4560
中央コンタクト イオンモールKYOTO,〒601-8417,京都府京都市南区西九条鳥居口町1番地イオンモールKYOTO店Sakura館3階,TEL:075-693-7561
ハートアップビジョンスクエア河原町オーパ,〒604-8026,京都府京都市中京区河原町通四条上ル河原町オーパB1階,TEL:075-251-6823
ドン・キホーテ四条河原町店,〒604-8027,京都府京都市中京区河原町通蛸薬師下る塩屋町321,TEL:075-213-6511
京都河原町店,〒604-8033,京都府京都市中京区奈良屋町301-1,TEL:075-231-8887
キリン堂三条御前店,〒604-8422,京都府京都市中京区西ノ京東月光町9,TEL:075-813-5928
クイーンアイズ京都店,〒604‐8046,京都府京都市中京区新極蛸薬師下ル東側町525‐1パッサージオ1階,TEL:075‐223‐2890
MEGAドン・キホーテ 山科店,〒607-8163,京都府京都市山科区椥辻東潰10-1,TEL:075-582-6611
キリン堂城陽寺田店,〒610-0102,京都府城陽市久世荒内320,TEL:0774-55-1108
キリン堂三山木店,〒610-0313,京都府京田辺市三山木中央5-2-6,TEL:0774-64-6009
MEGAドン・キホーテ 宇治店,〒611-0043,京都府宇治市伊勢田町浮面60,TEL:0774-41-4411
オリンピア MOMOテラス店,〒612-8002,京都府京都市伏見区桃山町山の下32 MOMOテラス2F,TEL:075-644-4614
キリン堂くいな橋店,〒612-8411,京都府京都市伏見区竹田久保町61-1,TEL:075-646-3391
キリン堂羽束師店,〒612-8485,京都府京都市伏見区羽束師志水町182-1,TEL:075-925-0865
イオン久御山店,〒613-0024,京都府久世郡久御山町森南大内156−1,TEL:075-633-0814
キリン堂松井山手店,〒614-8294,京都府 八幡市欽明台北1,TEL:075-971-3611
イオン京都五条店,〒615-0035,京都府京都市右京区西院追分町２５－１,TEL:075-326-7880
キリン堂京都川島店,〒615-8121,京都府京都市西京区川島野田町14-1,TEL:075-391-8911
ドン・キホーテ洛西店,〒615-8157,京都府京都市西京区樫原芋峠19-1,TEL:075-382-1311
キリン堂長岡京滝ノ町店,〒617-0817,京都府長岡京市滝ノ町1-1-7,TEL:075-958-2570
イオン高の原店,〒619-0223,京都府木津川市相楽台1-1-1,TEL:0774-75-1700
MEGAドン・キホーテUNY 精華台店,〒619-0238,京都府相楽郡精華町精華台九丁目2番地4,TEL:0774-98-4101
MEGAドン・キホーテ 福知山店,〒620-0000,京都府福知山市字荒河9-19,TEL:0773-25-0311
キリン堂亀岡千代川店,〒621-0043,京都府亀岡市千代川町小林北ン田49-14,TEL:0771-21-1060
キリン堂西舞鶴モール店,〒624-0823,京都府舞鶴市字京田15-4,TEL:0773-78-3111
