あいすくりーむ仙台店,〒980-0021,宮城県仙台市青葉区中央4-1-1イービーンズ3階,TEL:022-212-2233
イオン仙台店,〒980-0021,宮城県仙台市青葉区中央2-3-6,TEL:022-261-1251
中央コンタクト 仙台,〒980-0021,宮城県仙台市青葉区中央2丁目3-29榎戸ビル1階,TEL:022-212-2233
ドン・キホーテ仙台駅西口本店,〒980-0021,宮城県仙台市青葉区中央1丁目8番20号,TEL:022-216-3011
ドン・キホーテ晩翠通り店,〒980-0822,宮城県仙台市青葉区立町15-17,TEL:022-217-7911
アインズ＆トルペ仙台ＰＡＲＣＯ２店,〒980-8450,宮城県仙台市青葉区中央3丁目7-5PARCO2 3F,TEL:022-797-6506
ドン・キホーテ利府店,〒981-0111,宮城県宮城郡利府町加瀬字新前谷地４８,TEL:022-767-8211
イオンスタイル新利府店,〒981-0114,宮城県宮城郡利府町利府字新中道3-1-1,TEL:022-767-8400
ドン・キホーテ 石巻街道矢本店,〒981-0501,宮城県東松島市赤井川前二番１２３−３,TEL:0570-060-311
MEGAドン・キホーテ 仙台台原店,〒981-0911,宮城県仙台市青葉区台原1-7-40,TEL:022-728-7533
ドン・キホーテ仙台南店,〒981-1104,宮城県仙台市太白区中田6-33-1,TEL:022-306-0511
中央コンタクト イオンタウン仙台泉大沢,〒981-3137,宮城県仙台市泉区大沢1-5-1イオンタウン仙台泉大沢2階,TEL:022-772-2071
MEGAドン・キホーテ 仙台富谷店,〒981-3352,宮城県 富谷市富ケ丘1-27-1,TEL:022-348-9411
ドン・キホーテ六丁の目店,〒984-0004,宮城県仙台市若林区六丁の目東町6-17,TEL:022-390-1911
イオンスタイル仙台卸町,〒984-0015,宮城県仙台市若林区卸町1-1-1,TEL:022-782-6045
ドン・キホーテ古川店,〒989-6221,宮城県大崎市古川大宮3丁目3-30,TEL:0229-91-5233
