中央コンタクトMIDORI長野,〒380-0823,長野県長野市南千歳1-22-6MIDORI長野4階,TEL:026-269-6855
ドン・キホーテ長野駅前店,〒380-0825,長野県長野市南長野末広町1355-5,TEL:026-291-4611
MEGAドン・キホーテ 長野店,〒381-0034,長野県長野市高田1758番地,TEL:026-263-3810
ドン・キホーテ川中島店,〒381-2221,長野県長野市川中島町御厨981,TEL:026-286-6211
ドン・キホーテ信州中野店,〒383-0045,長野県中野市大字江部1236,TEL:0269-24-5611
イオン佐久平店,〒385-0029,長野県佐久市佐久平駅南11-10,TEL:0267-65-8711
イオン上田店,〒386-0018,長野県上田市常田2-12-18,TEL:0268-29-8181
ドン・キホーテ上田店,〒386-0042,長野県上田市上塩尻368-2,TEL:0268-29-4311
イオンスタイル松本,〒390-0811,長野県松本市中央4-9-51,TEL:0263-38-1908
ドン・キホーテ南松本店,〒390-0833,長野県松本市双葉18-22,TEL:0263-24-2011
cos:mura イオンモール松本店,〒390-8560,長野県松本市中央4丁目9−51 イオンモール松本 1階,TEL:0263-88-3145
ドン・キホーテ茅野店,〒391-0013,長野県茅野市宮川1199-1,TEL:0266-82-5411
アピタ岡谷店,〒394-0022,長野県 岡谷市銀座1丁目1番5号,TEL:0266-23-7666
アピタ飯田店,〒395-0804,長野県 飯田市鼎名古熊2461番地,TEL:0265-53-8111
MEGAドン・キホーテUNY伊那店,〒396-0026,長野県伊那市西町5182番地1,TEL:0570-070-300
MEGAドン・キホーテUNY高森店,〒399-3101,長野県下伊那郡高森町山吹4515番地,TEL:0570-055-911
ドン・キホーテ安曇野インター店,〒399-8201,長野県安曇野市豊科南穂高１１１５,TEL:0570-666-236
