ドン・キホーテ長岡川崎店,〒940-0861,新潟県長岡市川崎町1436-5,TEL:0258-31-2511
ドン・キホーテ長岡インター店,〒940-2122,新潟県長岡市福山町1078,TEL:0258-46-0311
MEGAドン・キホーテ 上越インター店,〒943-0173,新潟県上越市富岡683-12,TEL:025-521-1011
MEGAドン・キホーテ 柏崎店,〒945-0033,新潟県柏崎市東長浜町4番15号,TEL:0257-22-3810
ドン・キホーテ十日町店,〒948-0000,新潟県十日町市丑712-1,TEL:025-750-5711
イオン新潟南店,〒950-0150,新潟県新潟市江南区下早通柳田1-1-1,TEL:025-383-1300
ドン・キホーテ アピタ新潟亀田店,〒950-0157,新潟県新潟市江南区鵜ノ子4丁目466番地,TEL:0570-000-428
ドン・キホーテ新潟駅南店,〒950-0912,新潟県新潟市中央区南笹口1-1-1,TEL:025-290-4333
イオン新潟青山店,〒950-2002,新潟県新潟市西区青山2-5-1,TEL:025-231-9111
イオン新潟東店,〒950-8678,新潟県新潟市東区大形本町3-1-2,TEL:025-279-1515
イオン新発田店,〒957-0061,新潟県新発田市住吉町5-11-5,TEL:0254-21-7500
ドン・キホーテ新発田店,〒957-0063,新潟県新発田市新栄町2-4-6,TEL:0570-026-011
ドン・キホーテ 燕店,〒959-1289,新潟県燕市東太田２９２０,TEL:0570-783-852
