ドン・キホーテエキドンキ エキマルシェ大阪店,〒530-0001,大阪府大阪市北区梅田3-1-1 JR大阪駅エキマルシェ内,TEL:06-4796-9511
アインズ＆トルペLINKS UMEDA店,〒530-0011,大阪府大阪市北区大深町1-1LINKSUMEDA2F（ヨドバシ梅田タワー内2F）,TEL:06-6136-7508
ビジョンスタイルLINKSUMEDA,〒530-0011,大阪府大阪市北区大深町1-1LINKSUMEDA3階,TEL:06-6147-6068
ヨドバシカメラマルチメディア梅田,〒530-0011,大阪府 大阪市北区大深町1-1 1階,TEL:06-4802-1010
カラーフィールド梅田店,〒530-0012,大阪府大阪市北区芝田1-1-3 阪急大阪梅田駅2階改札外,TEL:06-6371-6707
ROQUE HEP FIVE店,〒530-0017,大阪府大阪市北区角田町5-15HEPFIVE3階,TEL:06-6366-3673
eye shop Five 梅田HEP FIVE店,〒530-0017,大阪府大阪市北区角田町5-15HEPFIVE1階,TEL:06-6366-3744
ROQUE EYELABO EST店,〒530-0017,大阪府大阪市北区角田町3-25エスト内,TEL:06-6372-0069
ドン・キホーテ梅田本店,〒530-0018,大阪府大阪市北区小松原町4-16,TEL:06-6360-6121
ドン・キホーテ天満駅店,〒530-0034,大阪府大阪市北区錦町１番４２号,TEL:06-6242-7711
アインズ＆トルペ大丸梅田店,〒530-8202,大阪府大阪市北区梅田3-1-1大丸梅田店5F,TEL:06-6459-7928
キリン堂長柄東店,〒531-0063,大阪府大阪市北区長柄東2-11-13,TEL:06-6355-7717
キリン堂新大阪宮原店,〒532-0003,大阪府大阪市淀川区宮原4-2-21,TEL:06-4807-8600
エピソードエキマルシェ新大阪ソトエ店,〒532-0011,大阪府大阪市淀川区西中島5-16-1 JR新大阪駅 3階エキマルシェ新大阪ソトエ内,TEL:06-6195-3968
ドン・キホーテ十三店,〒532-0024,大阪府大阪市淀川区十三本町1-16-25,TEL:06-4806-9011
キリン堂東淀川豊新店,〒533-0014,大阪府大阪市東淀川区豊新1-5-23,TEL:06-6990-0841
コスメデルアップ都島駅前店,〒534-0014,大阪府大阪市都島区都島北通1-1-3 レジデンス都島1F,TEL:06-6926-2321
ドン・キホーテ 京橋店,〒534-0024,大阪府大阪市都島区東野田町３丁目１２−１,TEL:0570‐045‐114
ドン・キホーテ 桜ノ宮店,〒534-0027 ,大阪府大阪市都島区中野町１丁目１,TEL:0570‐026‐631
ミック千林薬店,〒535-0012,大阪府大阪市旭区千林2-11-26,TEL:06-6953-3052
MEGAドン・キホーテ 深江橋店,〒537-0001,大阪府大阪市東成区深江北1-13,TEL:06-6977-4211
イオンモール鶴見緑地店,〒538-0053,大阪府大阪市鶴見区鶴見4-17-1,TEL:06-6915-8600
ドン・キホーテ法円坂店,〒540-0006,大阪府大阪市中央区法円坂2-1-35,TEL:06-4790-8511
クイーンアイズ心斎橋店,〒540‐0085,大阪府大阪市中央区心斎橋筋2丁目2‐22,TEL:06‐4256‐3939
ドン・キホーテなんば千日前店,〒542-0075,大阪府大阪市中央区難波千日前12-7,TEL:06-6630-9911
サンシティ難波店,〒542-0076,大阪府大阪市中央区難波3-8-1,TEL:06-6585-7651
エディオンなんば本店,〒542-0076,大阪府大阪市中央区難波３丁目２−１８,TEL:06‐6630‐6733
サンシティ東心斎橋店,〒542-0083,大阪府大阪市中央区東心斎橋2-7-7サンディBLD1F,TEL:06-6211-6262
ドン・キホーテ道頓堀店,〒542-0084,大阪府大阪市中央区宗右衛門町7-13,TEL:06-4708-1411
ガールズミニョン,〒542-0085,大阪府大阪市中央区心斎橋筋2-5-5心斎橋GATE7階,TEL:080-8516-9853
レモンコンタクト心斎橋オーパ,〒542-0086,大阪府大阪市中央区西心斎橋1-4-3心斎橋オーパ4階,TEL:06-4708-6190
ドン・キホーテ道頓堀御堂筋店,〒542-0086,大阪府大阪市中央区西心斎橋2-5-9,TEL:06-6214-3211
ドン・キホーテ上本町店,〒543-0037,大阪府大阪市天王寺区上之宮町1-24,TEL:06-4305-5021
ドン・キホーテ寺田町駅店,〒543-0052,大阪府大阪市天王寺区大道５丁目１０４番１他１１,TEL:0570-022-195
eye shop Five 天王寺ミオ店,〒543-0055,大阪府大阪市天王寺区悲田院町10-39天王寺ミオ本館6F,TEL:06-6772-1555
キリン堂生野巽中店,〒544-0013,大阪府大阪市生野区巽中1-12-20,TEL:06-4306-8993
キリン堂たつみ店,〒544-0014,大阪府 大阪市生野区巽東3-1-11,TEL:06-6758-4411
ドン・キホーテあべの天王寺駅前店,〒545-0051,大阪府大阪市阿倍野区旭町1-1-7,TEL:06-6630-6911
ピーチクラブあべのキューズモール店,〒545-0052,大阪府大阪市阿倍野区阿倍野筋一丁目6番1号アベノキューズモール3階,TEL:06-6556-7020
SBY SHIBUYA109 ABENO店,〒545-0052,大阪府大阪市阿倍野区阿倍野筋1-6-1キューズモール2F,TEL:06-6633-3455
キリン堂喜連西店,〒547-0026,大阪府大阪市平野区喜連西4-5-16,TEL:06-6760-6781
キリン堂平野南店,〒547-0031,大阪府大阪市平野区平野南1-1-9,TEL:06-6760-5844
キリン堂肥後橋店,〒550-0002,大阪府大阪市西区江戸堀1-9-1 肥後橋センタービル 1F,TEL:06-6479-0251
イオン大阪ドームシティ店,〒550-0023,大阪府大阪市西区千代崎3丁目13－1,TEL:06-6584-1500
中央コンタクト イオンモール大阪ドームシティ,〒550-0023,大阪府大阪市西区千代崎3-13-1イオンモール大阪ドームシティ2階,TEL:06-6581-1112
キリン堂大正ＣＧＭ店,〒551-0003,大阪府大阪市大正区千島1-23-115,TEL:06-6556-0321
キリン堂大正泉尾店,〒551-0031,大阪府大阪市大正区泉尾5-14-14,TEL:06-6556-0551
MEGAドン・キホーテ 弁天町店,〒552-0007,大阪府大阪市港区弁天3-13-1,TEL:06-6571-3810
イオン野田阪神店,〒553-0001,大阪府大阪市福島区海老江1-1-23,TEL:06-6457-6300
MEGAドン・キホーテ 新世界店,〒556-0002,大阪府大阪市浪速区恵美須東3-4-36,TEL:06-6630-9511
キリン堂岸里駅前店,〒557-0052,大阪府大阪市西成区潮路1-10-13,TEL:06-6653-2300
キリン堂長居駅前店,〒558-0004,大阪府大阪市住吉区長居東4-7-8 岡安ビル 1F,TEL:06-6696-0005
キリン堂住之江公園店,〒559-0015,大阪府大阪市住之江区南加賀屋2-8-29,TEL:06-4702-7560
ドン・キホーテ住之江公園店,〒559-0024,大阪府大阪市住之江区新北島1-1-2,TEL:06-4702-5411
キリン堂東豊中店,〒560-0003,大阪府豊中市東豊中町6-3-25,TEL:06-6848-5788
キリン堂豊中少路店,〒560-0004,大阪府豊中市少路2-5-1,TEL:06-6844-5262
キリン堂蛍池ルシオーレ店,〒560-0033,大阪府豊中市蛍池中町3-2-1,TEL:06-6843-1830
ドン・キホーテ豊中店,〒561-0894,大阪府豊中市勝部1丁目8-16,TEL:06-4865-6711
MEGAドン・キホーテ 箕面店,〒562-0004,大阪府箕面市牧落4-1-30,TEL:072-723-7576
中央コンタクトみのおキューズモール店,〒562-0034,大阪府箕面市西宿1丁目12番8号 みのおキューズモールEAST3-2F,TEL:072-749-1011
キリン堂池田緑丘店,〒563-0026,大阪府池田市緑丘1-4-1,TEL:072-748-2050
メガネの愛眼 吹田店,〒564-0027,大阪府吹田市朝日町2-101 吹田さんくす2番館1階ダイエー吹田専門店街,TEL:06-6319-2696
ドン・キホーテ江坂店,〒564-0051,大阪府吹田市豊津町10-15,TEL:06-6192-9211
キリン堂江坂西店,〒564-0053,大阪府吹田市江の木町1-35,TEL:06-6190-5543
ピーチクラブららぽーとエキスポシティ店,〒565-0826,大阪府吹田市千里万博公園2-1ララポートEXPOCITY3階,TEL:06-4860-6291
キリン堂千里山駅前店,〒565-0844,大阪府吹田市千里山霧が丘22-1 BiVi千里山 2F,TEL:06-6192-7510
MEGAドン・キホーテ 茨木店,〒567-0012,大阪府茨木市東太田1-4-48,TEL:072-631-3411
キリン堂茨木畑田店,〒567-0028,大阪府茨木市畑田町5-6,TEL:072-626-8488
イオンスタイル茨木店,〒567-0033,大阪府 茨木市松ヶ本町8-30-3,TEL:072-645-3333
キリン堂茨木市駅北口店,〒567-0816,大阪府茨木市永代町1-5 茨木阪急ビル1F 101号,TEL:072-631-6000
ドン・キホーテ高槻店,〒569-0036,大阪府高槻市辻子3-6-3,TEL:072-670-2191
キリン堂高槻日吉台店,〒569-1023,大阪府高槻市宮が谷町50-3,TEL:072-698-1133
イオンモール大日,〒570-0016,大阪府守口市大日東町1-18,TEL:06-4252-3500
ドン・キホーテ大日店,〒570-0021,大阪府守口市八雲東町1 丁目21-18,TEL:06-6916-7751
キリン堂門真東店,〒571-0002,大阪府門真市岸和田3-31-15,TEL:072-800-2802
中央コンタクト ららぽーと門真店,〒571-8620,大阪府門真市松生町1番11号ららぽーと門真1F,TEL:06-6916-3077
ドン・キホーテ寝屋川店,〒572-0038 ,大阪府寝屋川市池田新町６−３,TEL:0570‐550‐337
ドン・キホーテ香里園店,〒572-0084,大阪府寝屋川市香里南之町27-28,TEL:072-802-4011
キリン堂津田駅前店,〒573-0125,大阪府枚方市津田駅前1-28-5,TEL:072-859-6011
ハートアップくずはモール,〒573-1121,大阪府枚方市楠葉花園町15-1-155本館ミドリノモール1階,TEL:072-809-5101
ドン・キホーテ枚方店,〒573-1162,大阪府枚方市田口4-50-22,TEL:072-890-5511
キリン堂都丘店,〒573-1165,大阪府枚方市都丘町1番23号,TEL:072-848-3137
キリン堂野崎店,〒574-0015,大阪府大東市野崎2-1-2,TEL:072-863-3363
イオンスタイル四條畷,〒575-0001,大阪府四條畷市砂 四丁目3番2号,TEL:072-803-0200
キリン堂交野店,〒576-0041,大阪府交野市私部西1-23-1,TEL:072-810-7205
ピーチクラブ布施店,〒577-0056,大阪府東大阪市長堂1-8-37ヴェル･ノール布施1階,TEL:06-4307-3670
ピーチクラブ八戸ノ里店,〒577-0803,大阪府東大阪市下小阪5-2-2ライフ八戸ノ里駅前店2階,TEL:06-4308-4591
キリン堂東大阪宝持店,〒577-0805,大阪府東大阪市宝持2-5-3,TEL:06-6730-8551
キリン堂東大阪花園店,〒578-0982,大阪府東大阪市吉田本町1-2-36,TEL:072-967-7676
ドン・キホーテパウ石切店,〒579-8013,大阪府東大阪市西石切町7-3-46,TEL:0729-80-8155
MEGAドン・キホーテ 松原店,〒580-0013,大阪府松原市丹南3丁目2-10,TEL:072-337-5811
アインズ＆トルペセブンパーク天美店,〒580-0032,大阪府松原市天美東3丁目500セブンパーク天美2F,TEL:072-349-2857
ハートアップセブンパーク天美,〒580-0032,大阪府松原市天美東3-500セブンパーク天美3階,TEL:072-289-6230
キリン堂八尾跡部北店,〒581-0068,大阪府八尾市跡部北の町2-2-15,TEL:072-925-5570
ドン・キホーテ八尾店,〒581-0091,大阪府八尾市南植松町2-11,TEL:0729-28-0245
ビジョンスタイル八尾,〒581-0803,大阪府八尾市光町2-60LINOAS2階,TEL:072-990-6220
コスメデルアップアリオ八尾店,〒581-0803,大阪府八尾市光町2-3 アリオモール2階 242区,TEL:072-999-7212
オリンピア アリオ八尾,〒581-0803,大阪府八尾市光町2-3　アリオ八尾3F,TEL:072-995-3750
ドミセアリオ八尾店,〒581-0803,大阪府 八尾市光町2丁目3番地 アリオ八尾1F,TEL:0570‐007‐585
キリン堂古市店,〒583-0853,大阪府羽曳野市栄町2-13,TEL:072-957-7681
ドン・キホーテ羽曳野店,〒583-0875,大阪府羽曳野市樫山68-2,TEL:0729-31-3911
MEGAドン・キホーテ 富田林店,〒584-0025,大阪府富田林市若松町西三丁目1560,TEL:0721-23-8211
ピーチクラブ金剛東店,〒584-0082,大阪府富田林市向陽台3-1-1エコール･ロゼ2階,TEL:0721-28-8120
キリン堂河南町店,〒585-0004,大阪府南河内郡河南町大字山城481,TEL:0721-93-7177
キリン堂河内長野栄店,〒586-0032,大阪府河内長野市栄町24-43,TEL:0721-50-1010
ピーチクラブららぽーと堺店,〒587-8577,大阪府堺市美原区黒山22-1ララポート堺3階,TEL:072-288-4277
メアシス ららぽーと堺店,〒587-8577,大阪府堺市美原区黒山22-1ららぽーと堺店2F,TEL:072-349-6671
イオンスタイル金剛店,〒589-0011,大阪府 大阪狭山市半田1-22,TEL:072-360-1150
キリン堂土佐屋台店,〒590-0103,大阪府堺市南区深阪南144,TEL:072-230-1355
ドン・キホーテアクロスモール泉北店,〒590-0132,大阪府堺市南区原山台5-9-5アクロスモール泉北B館,TEL:072-290-6311
キリン堂熊取店,〒590-0401,大阪府泉南郡熊取町大久保東1-3-2,TEL:072-453-4610
キリン堂樽井店,〒590-0521,大阪府泉南市樽井4-3-10,TEL:072-484-5850
ピーチクラブりんくう泉南店,〒590-0535,大阪府泉南市リンクウ南浜3-12イオンモールリンクウ泉南2階,TEL:072-480-6204
イオンりんくう泉南店,〒590-0535,大阪府泉南市りんくう南浜3-12,TEL:072-480-6000
イオンスタイル堺鉄砲町,〒590-0905,大阪府堺市堺区鉄砲町1-1,TEL:072-221-0006
ピーチクラブ堺鉄砲町店,〒590-0905,大阪府堺市堺区鉄砲町1番地イオンモール堺鉄砲町3階,TEL:072-275-5419
中央コンタクト イオンモール堺鉄砲町,〒590-0905,大阪府堺市堺区鉄砲町1番地イオンモール堺鉄砲町2階,TEL:072-229-4441
キリン堂レインボー金岡店,〒591-8004,大阪府堺市北区蔵前町1-7-15 レインボー金岡,TEL:072-256-6116
ドン・キホーテ新金岡店,〒591-8021,大阪府堺市北区新金岡町5-1-6,TEL:072-246-6811
キリン堂百舌鳥梅町店,〒591-8032,大阪府堺市北区百舌鳥梅町1丁27番1,TEL:072-240-1681
キリン堂高石加茂店,〒592-0012,大阪府高石市西取石3-8-40,TEL:072-267-7644
ドン・キホーテ 上野芝店,〒593-8301,大阪府堺市西区上野芝町２‐７−３,TEL:0570‐006‐999
ピーチクラブアリオ鳳店,〒593-8325,大阪府堺市西区鳳南町3-199-12アリオ鳳3階,TEL:072-260-1186
MEGAドン・キホーテ 和泉中央店,〒594-0041,大阪府和泉市いぶき野5丁目6-17,TEL:0725-50-5911
ドン・キホーテ和泉店,〒594-0082,大阪府和泉市富秋町2丁目7番地16号,TEL:0725-40-5304
メアシス ららぽーと和泉,〒594-1157,大阪府和泉市あゆみ野4-4-7ららぽーと和泉3階,TEL:0725-92-8817
MEGAドン・キホーテ 岸和田店,〒596-0006,大阪府岸和田市春木若松町21-1 「ラパーク岸和田」内,TEL:072-430-0511
ドン・キホーテ 貝塚店,〒597-0031,大阪府貝塚市久保１丁目２８−１,TEL:0570‐026‐300
ドン・キホーテ泉佐野店,〒598-0062,大阪府泉佐野市下瓦屋2-2-77,TEL:072-458-3511
キリン堂大美野店,〒599-8126,大阪府堺市東区大美野171-3,TEL:072-237-5445
