MEGAドン・キホーテ 大津店,〒520-0022,滋賀県大津市柳が崎2-5,TEL:077-511-4411
ドン・キホーテ 彦根店,〒522-0002,滋賀県彦根市松原町１９０４−３,TEL:0570-550-251
MEGAドン・キホーテUNY 近江八幡店,〒523-0891,滋賀県近江八幡市鷹飼町字一本木２２３番地３,TEL:0748-38-5291
ドン・キホーテ草津店,〒525-0051,滋賀県草津市木川町311-1,TEL:077-569-2411
イオンスタイル草津,〒525-0067,滋賀県草津市新浜町300,TEL:077-599-6057
MEGAドン・キホーテ 長浜店,〒526-0845,滋賀県長浜市小堀町407-1,TEL:0749-64-4611
イオン長浜店,〒526-0847,滋賀県長浜市山階町271-1,TEL:0749-68-5500
MEGAドン・キホーテUNY 東近江店,〒527-0016,滋賀県東近江市今崎町１６３番地,TEL:0748-20-1611
MEGAドン・キホーテ 水口店,〒528-0058,滋賀県甲賀市水口町北泉1丁目30,TEL:0748-65-0011
MEGAドン・キホーテ 豊郷店,〒529-1173,滋賀県犬上郡豊郷町高野瀬701-1,TEL:0749-35-5211
