ドン・キホーテ沼津店,〒410-0022,静岡県沼津市大岡1560‐1,TEL:055-954-2811
メアシス ららぽーと沼津,〒410-8541,静岡県沼津市東椎路字東荒301‐3ララポート沼津3階,TEL:055-943-5171
MEGAドン・キホーテ 伊東店,〒414-0002,静岡県伊東市湯川546-1,TEL:0557-32-1111
ドン・キホーテUNY 富士中央店,〒415-0952,静岡県富士市青葉町６２５番地,TEL:0545-60-3911
MEGAドン・キホーテUNY 富士吉原店,〒417-0071,静岡県富士市国久保二丁目1番10号,TEL:0545-51-2711
MEGAドン・キホーテUNY 中里店,〒417-0826,静岡県富士市中里字鬼ヶ島２５６６番地２１,TEL:0545-31-1611
イオンスタイル富士宮,〒418-0032,静岡県富士宮市浅間町1-8,TEL:0544-25-5310
メアシス MARK IS静岡,〒420-0821,静岡県静岡市葵区柚木1026MARKIS静岡2階,TEL:054-298-9970
中央コンタクト パルシェ,〒420-0851,静岡県静岡市葵区黒金町49駅ビルパルシェ4階,TEL:054-205-1172
ドン・キホーテ静岡両替町店,〒420-0852,静岡県静岡市葵区紺屋町12-1,TEL:054-653-3811
ドン・キホーテ 新静岡駅前店,〒420-0858,静岡県静岡市葵区伝馬町６−１ けやきプラザ ２階,TEL:0570-200-677
MEGAドン・キホーテUNY榛原店,〒421-0421,静岡県牧之原市細江字濱田1371番地1,TEL:0570-550-274
ドン・キホーテ山崎店,〒421-1213 ,静岡県静岡市葵区山崎１丁目２７−１,TEL:0570-067-611
ドン・キホーテパウSBS通り店,〒422-8026,静岡県静岡市駿河区富士見台2-1-11,TEL:054-202-4311
イオン清水店,〒424-0871,静岡県 静岡市清水区上原1-6-16,TEL:054-344-2500
MEGAドン・キホーテUNY 大覚寺店,〒425-0088,静岡県焼津市大覚寺2丁目27‐15,TEL:0570-000-090
ドン・キホーテ藤枝店,〒426-0074,静岡県藤枝市水上210-95,TEL:054-645-6111
アピタ島田店,〒427-0016,静岡県島田市宝来町8番2号,TEL:0547-33-0811
中央コンタクト アピタ島田,〒427-0016,静岡県島田市宝来町8番2号アピタ島田1階,TEL:0547-33-3757
中央コンタクト 浜松メイワン,〒430-0926,静岡県浜松市中区砂山町6-1浜松メイワン4階,TEL:055-943-5171
MEGAドン・キホーテ 浜松三方原店,〒431-3125,静岡県浜松市東区半田山5丁目36番1号,TEL:053-414-2311
MEGAドン・キホーテ 浜松可美店,〒432-8052,静岡県浜松市南区東若林町11-1,TEL:053-441-3810
イオン浜松志都呂店,〒432-8069,静岡県浜松市西区志都呂2-37-1,TEL:053-415-1100
MEGAドン・キホーテUNY 浜松泉町店,〒433-8124,静岡県浜松市中区泉一丁目6番1号,TEL:053-472-9111
アピタ浜北店,〒434-0038,静岡県浜松市浜北区貴布祢1200,TEL:053-584-6611
中央コンタクト プレ葉ウォーク浜北店,〒434-8502,静岡県浜松市浜北区貴布祢1200番地プレ葉ウォーク浜北 2F,TEL:053-584-1230
イオン浜松市野店,〒435-0052,静岡県浜松市東区天王町字諏訪1981−3,TEL:053-468-1587
cos:mura イオンモール浜松市野店,〒435-0052,静岡県浜松市中央区天王町字諏訪1981−3 イオンモール浜松市野 2階,TEL:053-544-7708
MEGAドン・キホーテUNY 掛川店,〒436-0043,静岡県掛川市大池2826番地,TEL:0537-24-8911
MEGAドン・キホーテ 袋井店,〒437-0064,静岡県袋井市川井1413-1,TEL:0538-41-3511
ドン・キホーテ磐田店,〒438-0045,静岡県磐田市上岡田1036-1,TEL:0538-39-4811
中央コンタクト ららぽーと磐田,〒438-0801,静岡県磐田市高見丘1200番地ららぽーと磐田2階,TEL:0538-38-6138
