MEGAドン・キホーテ 宇都宮店,〒320-0026,栃木県宇都宮市馬場通り2-3-12,TEL:028-632-3810
ドン・キホーテ アピタ宇都宮店,〒321-0101,栃木県宇都宮市江曽島本町22番7号,TEL:028-666-8551
ドン・キホーテ宇都宮簗瀬店,〒321-0933,栃木県宇都宮市簗瀬町1590-6,TEL:028-610-5511
アインズ＆トルペトナリエ宇都宮店,〒321-0964,栃木県宇都宮市駅前通り1丁目4-6トナリエ宇都宮1F,TEL:028-600-2880
ドン・キホーテ小山駅前店,〒323-0023,栃木県小山市中央町3-7-1 ロブレ内,TEL:0285-20-2511
イオン小山店,〒323-0806,栃木県小山市中久喜1467-1,TEL:0285-30-3000
中央コンタクト イオンモール小山,〒323-0806,栃木県小山市中久喜1467-1イオンモール小山1階,TEL:0285-20-3210
ドン・キホーテ大田原店,〒324-0046,栃木県大田原市加治屋83-27,TEL:0570-098-511
MEGAドン・キホーテ 黒磯店,〒325-0048,栃木県那須塩原市材木町3-5,TEL:0287-62-3810
イオンスタイル佐野新都市,〒327-0821,栃木県佐野市高萩町1324-1,TEL:0283-20-5252
中央コンタクト イオンモール佐野新都市,〒327-0821,栃木県佐野市高萩町1324-1イオンモール佐野新都市2階,TEL:0283-20-5588
イオン栃木店,〒328-8501,栃木県栃木市箱森町37-9,TEL:0282-22-7711
カワチ薬品佐野朝日店,〒327-0011,栃木県佐野市朝日町713‐1,TEL:0283-22-2700
