アインズ＆トルペ東京駅店,〒100-0005,東京都千代田区丸の内1丁目9-1東京駅一番街1F,TEL:03-3212-5280
アインズ＆トルペ日比谷シャンテ店,〒100-0006,東京都千代田区有楽町1-2-2日比谷シャンテB1F,TEL:03-6268-8195
ドン・キホーテ秋葉原店,〒101-0021,東京都千代田区外神田4丁目3-3,TEL:03-5298-5411
アインズ＆トルペ銀座インズ店,〒104-0061,東京都中央区銀座西3-1先銀座インズ1内,TEL:03-6263-0513
ドン・キホーテ銀座本館,〒104-0061,東京都中央区銀座8-10 銀座ナイン3号,TEL:03-6215-9688
ドン・キホーテ六本木店,〒106-0032,東京都港区六本木3-14-10,TEL:03-5786-0811
中央コンタクト アトレ品川店,〒108-0075,東京都港区港南2丁目18番1号アトレ品川 2F,TEL:03-6718-6741
ドン・キホーテ鶯谷店,〒110-0003,東京都台東区根岸１丁目６−７ サンボールフジビル,TEL:0570‐099‐123
ドン・キホーテ御徒町店,〒110-0005,東京都台東区上野4丁目1-10,TEL:03-5846-1911
アインズ＆トルペ　エキュート上野店,〒110-0005,東京都台東区上野7丁目1-1 エキュート上野3F,TEL:03-6802-8795
アインズ＆トルペ浅草ROX店,〒111-0032,東京都台東区浅草1丁目25-15浅草ROX本館1F,TEL:03-3842-5411
ドン・キホーテ浅草店,〒111-0032,東京都台東区浅草2-10,TEL:03-5826-2511
ドン・キホーテ後楽園店,〒113-0033,東京都文京区本郷一丁目33番9号,TEL:03-5803-2411
ドン・キホーテ上野店,〒113-0034,東京都文京区湯島3-38-10,TEL:03-5816-0511
ドン・キホーテ赤羽東口店,〒115-0045,東京都北区赤羽1丁目 5-4,TEL:0570-053-130
ドン・キホーテ町屋店,〒116-0001,東京都荒川区町屋 6-32-21,TEL:03-5855-8011
ドン・キホーテ北千住西口店,〒120-0034,東京都足立区千住2-25-1,TEL:03-5284-4311
アインズ＆トルペ北千住マルイ店,〒120-8501,東京都足立区千住3丁目92北千住マルイ2F,TEL:03-6806-1803
MEGAドン・キホーテ 環七梅島店,〒121-0011,東京都足立区中央本町5-5-14,TEL:03-5845-5655
ドン・キホーテ竹の塚店,〒121-0813,東京都足立区竹の塚6-11-10,TEL:03-5831-1633
ドン・キホーテ西新井駅前店,〒123-0843,東京都足立区西新井栄町2丁目3-14,TEL:03-5845-7201
ピカソ新小岩店,〒124-0024,東京都葛飾区新小岩1-30-2,TEL:03-5661-2411
ピカソ小岩駅前店,〒124-0024,東京都葛飾区新小岩１丁目３０−２,TEL:0570‐012‐211
ドン・キホーテ青戸店,〒125-0062,東京都葛飾区青戸3-1-1,TEL:03-5629-4611
アインズ＆トルペオリナス錦糸町店,〒130-0012,東京都墨田区太平4丁目1-2オリナスモール2F,TEL:03-5809-7700
ドン・キホーテ錦糸町北口店,〒130-0013,東京都墨田区錦糸2丁目3－11,TEL:0570-036-022
アインズ＆トルペ錦糸町マルイ店,〒130-0022,東京都墨田区江東橋3丁目9-10丸井錦糸町店1F,TEL:03-3633-1633
ハートアップ錦糸町パルコ,〒130-0022,東京都墨田区江東橋4-27-14錦糸町パルコ5階,TEL:03-3846-9090
ドン・キホーテラパーク瑞江店,〒132-0011,東京都江戸川区瑞江2-1-2,TEL:03-3698-3810
ピカソ 環七江戸川店,〒132-0022,東京都江戸川区大杉3-10-1,TEL:03-5607-7088
アインズ＆トルぺ シャポー小岩店,〒133-0056,東京都江戸川区南小岩七丁目24番15号シャポー小岩1F,TEL:03-6458-0182
ドン・キホーテ葛西店,〒134-0081,東京都江戸川区北葛西4-14-1,TEL:03-5667-7611
ハートアップ有明ガーデン,〒135-0063,東京都江東区有明2-1-8有明ガーデン4階,TEL:03-5962-1994
アインズ＆トルペカメイドクロック店,〒136-0071,東京都江東区亀戸6丁目31‐6カメイドクロック2F,TEL:03-5875-3846
ドン・キホーテ亀戸店,〒136-0071,東京都江東区亀戸1-40-2,TEL:03-5858-2411
ハートアップカメイドクロック,〒136-0071,東京都江東区亀戸6丁目31-6カメイドクロック4階,TEL:03-5875-1368
アインズ＆トルペ南砂町ＳＵＮＡＭＯ店,〒136-0075,東京都江東区新砂3丁目4-31南砂町ショッピングセンターSUNAMO2F,TEL:03-6458-4680
イオン品川シーサイド店,〒140-0002,東京都品川区東品川4-12-5,TEL:03-5715-8300
ドン・キホーテ五反田東口店,〒141-0022,東京都品川区東五反田1丁目12番7号,TEL:03-5795-0181
カツマタ 武蔵小山店,〒142-0063,東京都品川区荏原3-3-15,TEL:03-5749-4343
ドン・キホーテBIGFUN平和島店,〒143-0006,東京都大田区平和島1-1-1,TEL:03-5753-1811
MEGAドン・キホーテ 大森山王店,〒143-0023,東京都大田区山王3-6-3,TEL:03-3773-1721
ドン・キホーテ蒲田駅前店,〒144-0051,東京都大田区西蒲田7丁目3-3,TEL:03-5744-3611
トモズ蒲田店,〒144-0051,東京都 大田区西蒲田7-66-4,TEL:03-3737-6999
D'or（ドール）,〒150-0001,東京都渋谷区神宮前1-17-5 ノアテラス,TEL:03-6438-9802
あいすくりーむ渋谷店,〒150-0041,東京都渋谷区神南1-21-3渋谷モディ3階,TEL:080-7171-3111
MEGAドン・キホーテ 渋谷本店,〒150-0042,東京都渋谷区宇田川町２８-６,TEL:03-5428-4086
凛 渋谷109店,〒150-0043,東京都渋谷区道玄坂2丁目29-1渋谷1091F,TEL:03-6416-4448
キラキラドンキ渋谷道玄坂通ドードー店,〒150-0043,東京都 渋谷区道玄坂2-25-12,TEL:0570‐000‐578
アインズ＆トルペ自由が丘店,〒152-0035,東京都目黒区自由が丘2丁目10-8自由が丘エヌケービル1F,TEL:03-5726-3330
ドン・キホーテ中目黒本店,〒153-0042,東京都目黒区青葉台2-19-10,TEL:03-5768-6311
ピカソ目黒駅前店,〒153-0063,東京都目黒区下目黒1-1-15,TEL:03-5436-9611
ピカソ 三軒茶屋店,〒154-0024,東京都世田谷区三軒茶屋2-12-12,TEL:03-5712-2511
ドン・キホーテ下北沢店,〒155-0031,東京都世田谷区北沢2-3-6,TEL:03-5431-3011
ドン・キホーテ環八世田谷店,〒156-0056,東京都世田谷区八幡山３丁目３９,TEL:0570‐006‐311
アインズ＆トルペ二子玉川ライズS.C.店,〒158-0094,東京都世田谷区玉川二丁目21番1号二子玉川ライズ・ショッピングセンタータウンフロント４F,TEL:03-6805-6420
ドン・キホーテ新宿歌舞伎町店,〒160-0021,東京都新宿区歌舞伎町1-16-5,TEL:03-5291-9211
アインズ＆トルペ新宿東口店,〒160-0022,東京都新宿区新宿3丁目36-10ミラザ新宿ビルB1F～2F,TEL:03-5925-8566
ドン・キホーテ新宿東南口店,〒160-0022,東京都新宿区新宿3丁目36番16号,TEL:03-5367-9611
ホテルラバーズ新宿アルタ店,〒160‐0022,東京都新宿区新宿3‐24‐3新宿アルタB1F,TEL:03‐3356‐5450
ドン・キホーテ中野駅前店,〒164-0001,東京都中野区中野5-68-5,TEL:03-5318-2811
ドン・キホーテ荻窪駅前店,〒167-0032,東京都杉並区天沼３丁目２−８,TEL:0570‐045‐211
ドン・キホーテ環七方南町店,〒168-0062,東京都杉並区方南1-28-3,TEL:03-5301-0311
ドン・キホーテ新宿店,〒169-0072,東京都新宿区大久保1-12-6,TEL:03-5292-7411
ドン・キホーテ新大久保駅前店,〒169-0073,東京都新宿区百人町2丁目17-1,TEL:0570-089-311
スキンガーデン 新大久保本店,〒169-0073,東京都新宿区百人町2丁目1−2 K-PLAZAⅡ,TEL:03-5291-1808
ドン・キホーテ高田馬場駅前店,〒169-0075,東京都新宿区高田馬場1-26-5,TEL:03-5286-7711
ピカソ 大塚北口駅前店,〒170-0004,東京都豊島区北大塚2丁目2番1,TEL:03-5961-3911
ドン・キホーテ北池袋店,〒170-0011,東京都豊島区池袋本町2-7-5,TEL:03-5979-6211
ハートアップコンタクト協和池袋東口,〒170-0013,東京都豊島区東池袋1-1-1TOKビル1階,TEL:03-3985-9090
ドン・キホーテ池袋駅西口店,〒171-0021,東京都豊島区西池袋1丁目43番12号,TEL:03-5957-5351
ドン・キホーテ池袋東口駅前店,〒171-0022,東京都豊島区南池袋1-22-5,TEL:03-5957-3311
MEGAドン・キホーテ 板橋志村店,〒174-0056,東京都板橋区志村3-32-16,TEL:03-5916-6211
イオンスタイル板橋前野町,〒174-0063,東京都板橋区前野町4-21-22,TEL:03-5916-8120
イオン板橋店,〒175-0083,東京都板橋区徳丸2-6-1,TEL:03-5398-3131
アインズ＆トルペ エキア成増店,〒175-0094,東京都板橋区成増2丁目13番1号 EQUiA成増,TEL:03-6904-1333
ミヤモトドラッグ新成増店,〒175-0094,東京都板橋区成増2-17-13ヒューリック成増1F,TEL:03-5968-3911
ドン・キホーテ成増店,〒175-0094,東京都板橋区成増２丁目２１−２,TEL:0570‐015‐222
ドン・キホーテエッセンス 関町店,〒177-0051,東京都練馬区関町北2-2-1,TEL:03-5903-3911
アインズ＆トルペ光が丘ＩＭＡ店,〒179-0072,東京都練馬区光が丘５丁目1-1光が丘ＩＭＡイマミセ2F,TEL:03-6904-0092
ドン・キホーテ練馬店,〒179-0082,東京都練馬区錦2-19-1,TEL:03-5921-1711
ドン・キホーテ吉祥寺駅前店,〒180-0003,東京都武蔵野市吉祥寺南町1-9-1,TEL:0422-40-6271
中央コンタクト コンタクトショップ吉祥寺,〒180-0004,東京都武蔵野市吉祥寺本町1-4-16サンク吉祥寺ビル1階,TEL:0422-29-7051
ドン・キホーテ西友吉祥寺店,〒180-0004,東京都武蔵野市吉祥寺本町1-12-10 西友吉祥寺店 2 階,TEL:0570-666-208
ドン・キホーテ東八三鷹店,〒181-0014,東京都三鷹市野崎１丁目２４,TEL:0570‐006‐511
ドン・キホーテ府中店,〒183-0006,東京都府中市緑町2-6-3,TEL:0423-33-0071
アインズ＆トルペ府中フォーリス店,〒183-0023,東京都府中市宮町1丁目41-1フォーリス2F,TEL:042-319-8301
アドコンタクト府中店,〒183-0023,東京都府中市宮町1丁目100ル・シーニュSHOP PODS 2-14-1区画,TEL:042-366-9226
MEGAドン・キホーテ 武蔵小金井駅前店,〒184-0004,東京都小金井市本町5-11-2,TEL:042-385-3810
ピカソ 国分寺店,〒185-0012,東京都国分寺市本町2-2-8,TEL:042-320-5411
アインズ＆トルぺ セレオ国分寺店,〒185-0021,東京都国分寺市南町3-20-3セレオ国分寺3F,TEL:042-401-0125
アドコンタクト立川北口店,〒190-0012,東京都立川市曙町2丁目12-1曙ビル1階,TEL:042-527-7233
MEGAドン・キホーテ 立川店,〒190-0012,東京都立川市曙町2-18-18,TEL:042-540-6431
アインズ＆トルペららぽーと立川立飛店,〒190-0015,東京都立川市泉町935-1ららぽーと立川立飛2F,TEL:042-512-5166
ドン・キホーテららぽーと立川立飛店,〒190-0015,東京都立川市泉町９３５−１,TEL:0570‐091‐311
ドン・キホーテ多摩瑞穂店,〒190-1214,東京都西多摩郡瑞穂町むさし野 3-11-3,TEL:042-539-7611
中央コンタクト立川高島屋S.C.店,〒190-8507,東京都立川市曙町2丁目39ー3 立川高島屋S.C.店 2階,TEL:042-540-8588
アインズ＆トルペグランデュオ立川店,〒190-8554,東京都立川市柴崎町3-2-1グランデュオ立川2F,TEL:042-540-2331
イオンスタイル多摩平の森,〒191-0062,東京都日野市多摩平2丁目4番,TEL:042-514-1050
アドコンタクト八王子店,〒192-0082,東京都八王子市東町8丁目9小谷野ビル1階,TEL:042-645-7205
ドン・キホーテ八王子駅前店,〒192-0085,東京都八王子市中町1-3,TEL:0426-46-3810
ドン・キホーテ京王堀之内店,〒192-0362,東京都八王子市松木３４−１１,TEL:0570‐006‐411
ドン・キホーテめじろ台店,〒193-0942,東京都八王子市椚田町586-22,TEL:0426-69-0711
ドン・キホーテ町田駅前店,〒194-0013,東京都町田市原町田4-2-14,TEL:042-709-5411
アインズ＆トルペ小田急百貨店町田店,〒194-8550,東京都町田市原町田6丁目12-20小田急百貨店町田店2Ｆ,TEL:042-785-4451
クイーンアイズ東京町田店,〒194‐0013,東京都町田市原町田6丁目7-16 ITOIビル1F,TEL:042-860-7601
ドン・キホーテ青梅新町店,〒198-0024,東京都青梅市新町9-1-1,TEL:0428-30-7011
イオン東久留米店,〒203-0023,東京都東久留米市南沢5-17-62,TEL:042-460-7300
MEGAドン・キホーテ 東久留米店,〒203-0032,東京都東久留米市前沢5-8-3,TEL:042-479-1711
ハートアップ聖蹟桜ケ丘オーパ,〒206-0011,東京都多摩市関戸4-72番地聖蹟桜ヶ丘オーパ1階,TEL:042-311-1190
アインズ＆トルペ ココリア多摩センター店,〒206-0033,東京都多摩市落合1丁目46番地1ココリア多摩センター1階,TEL:042-319-6718
